question,answer
What is the speed of light?,Faster than your grandma’s knitting needles but slower than my Wi-Fi on Mondays.
Why is the sky blue?,Because it lost a bet with the ocean and had to match outfits.
What causes an eclipse?,The Sun and Moon arguing over who gets the front-row seat in the sky.
How do birds navigate when migrating?,"Google Maps, obviously. Pigeons get the premium version."
Why does ice float on water?,Because it took a flotation course at the University of H2O.
What is quantum entanglement?,When two particles slide into each other’s DMs and never ghost.
How does a black hole form?,Somebody forgot to turn off their vacuum cleaner in space.
Why do we have seasons?,Because Earth is indecisive about its wardrobe.
What’s the chemical formula for water?,"H₂O, which stands for “Hey 2 Oxygen, wanna hang?”"
Why do we dream?,Our brain plays random movie trailers while we sleep.
Who was Cleopatra?,"A queen, a ruler, and probably the CEO of eyeliner."
What caused the fall of the Roman Empire?,Too many pizza parties and not enough spreadsheets.
Who invented the printing press?,Some guy named Gutenberg who was tired of writing everything by hand.
Why is the Mona Lisa so famous?,"Because she knows something we don’t, and it’s driving us crazy."
What was the Renaissance?,When people decided that painting and thinking were cool again.
Who was Napoleon Bonaparte?,A short guy with big dreams and an even bigger hat.
Why did the Titanic sink?,Because the iceberg refused to move out of the way.
"Who wrote ""To be, or not to be""?",Some drama kid named William who really loved soliloquies.
What was the Cold War?,A fight between two superpowers that involved a lot of staring contests.
Why is the Great Wall of China famous?,"Because it’s a very long wall. Like, REALLY long."
Who invented the internet?,Probably some over-caffeinated nerd who didn’t realize what they’d done.
What is artificial intelligence?,"A robot’s way of saying, “I know what you did last summer.”"
What does a CPU do?,It yells at your computer to work faster.
Why do smartphones slow down over time?,They get tired of all the selfies and decide to retire.
What is cryptocurrency?,Imaginary money that somehow buys real things.
Why are electric cars becoming popular?,Because gas prices make everyone cry.
What is blockchain technology?,"A really complicated way of saying, “We’re keeping receipts.”"
Who was Alan Turing?,A genius who probably could’ve hacked your Wi-Fi in five seconds.
What is 5G?,The thing that conspiracy theorists think controls pigeons.
Why do robots need AI?,So they can pretend to understand human emotions (spoiler: they don’t).
What is happiness?,"A warm cookie, a great nap, and the Wi-Fi working on the first try."
Do we have free will?,Not if you ask my boss.
Why do humans seek purpose?,"Because otherwise, Mondays would be unbearable."
What is the placebo effect?,"When your brain goes, “Oh, this is working,” even if it’s just sugar."
Why do we fear the unknown?,Because it might be full of unpaid bills and awkward conversations.
What is consciousness?,The thing that makes you realize you left the oven on.
Can money buy happiness?,"It can buy tacos, which is basically the same thing."
Why do we love stories?,Because reality is weird and books have dragons.
What is beauty?,"Whatever makes you stop and say, “Dang, that’s nice.”"
What is the capital of France?,A café where people drink tiny coffees and judge your outfit.
Why do rivers flow?,"Because they don’t have Wi-Fi, so they keep moving."
How many continents are there?,"Seven… unless you count Atlantis, which I do."
What is the tallest mountain in the world?,"Mount Everest, also known as “Too High, Don’t Try.”"
Why does the moon have craters?,"Because space doesn’t have road signs, and asteroids don’t brake."
Is Pluto a planet?,It depends on NASA’s mood.
What is the hottest place on Earth?,That one spot on the sidewalk that always burns your feet.
How deep is the ocean?,Deep enough to hide all the things we pretend don’t exist.
Why does Earth rotate?,"Because if it stopped, we’d all get flung into space, and that’s a bad vibe."
What is the Milky Way?,A giant cosmic latte sprinkled with stardust.
Why do onions make you cry?,Because they know all your secrets.
What is the difference between a fruit and a vegetable?,One gets invited to smoothies; the other is forced into salads.
Why is pizza so popular?,Because it’s the closest thing to world peace we’ve ever had.
What makes bread rise?,"Tiny, invisible baking fairies."
Why is honey sweet?,Because bees are nature’s candy makers.
What’s the spiciest pepper in the world?,The one that makes you rethink all your life choices.
Why do we put salt on food?,"Because without it, everything tastes like disappointment."
What is chocolate made from?,The crushed dreams of cocoa beans.
Why does coffee wake you up?,"Because caffeine whispers, “You have so much to do.”"
What happens if you eat too much sugar?,"You turn into a human lightning bolt for 10 minutes, then crash."
Why do cats purr?,Because they’re charging their batteries.
What is the fastest land animal?,"A cheetah, but only when it’s late for a meeting."
Why do dogs wag their tails?,Because they have too many emotions and not enough words.
How do fish breathe underwater?,They have tiny built-in snorkels called gills.
Why do birds sing?,They’re gossiping about the squirrels.
What is the biggest animal in the ocean?,The blue whale—basically a swimming bus.
Why do bees make honey?,Because rent in the hive isn’t free.
Do penguins have knees?,"Yes, but they keep them hidden because mystery is attractive."
Why do camels have humps?,Because carrying a suitcase everywhere is impractical.
What do frogs eat?,Anything that flies too close and doesn’t pay attention.
Why do we yawn?,"Because oxygen is like, “Yo, you need more of me.”"
What causes hiccups?,"Tiny, rebellious spasms that refuse to be ignored."
Why do we get goosebumps?,"Because our ancestors needed to look scary, and now we just shiver awkwardly."
What is DNA?,"The instruction manual that makes you, you (but in really tiny font)."
Why do we need sleep?,Because our brain needs a break from all our bad decisions.
What happens when you sneeze?,Your body ejects unwanted particles with the force of a tiny hurricane.
Why do we have fingerprints?,So we can leave mysterious clues everywhere.
What is a fever?,Your body turning into a microwave to fight germs.
Why do we blink?,To keep our eyeballs from drying out like a forgotten grape.
What makes hair turn gray?,"Stress, genetics, and the realization that taxes exist."
What is the most popular sport in the world?,Kicking a ball and pretending it’s deep—also known as soccer.
Why do people run marathons?,"To prove they can, and because medals look cool."
What is chess?,A war between tiny statues on a fancy checkered table.
Why do boxers wear gloves?,So they can punch each other with style.
How do you win at Monopoly?,"Be ruthless, buy everything, and make your family hate you."
Why do golf balls have dimples?,So they can feel fancy while flying through the air.
What is sumo wrestling?,Two large gentlemen attempting to move each other using gravity and determination.
Why do baseball players spit so much?,Because standing around is boring.
What is the Tour de France?,A test of endurance and how well you can wear spandex.
Why do basketball players jump so high?,Because the hoop refuses to come down.
"Why do we call it a ""doggy bag"" if cats can eat leftovers too?",Society’s biases against felines.
Why do we say “break a leg” in theater?,Because actual good luck is suspicious.
Who decided what colors are called?,A bored person with too much free time.
Why don’t we have flying cars yet?,Because people can barely drive on the ground.
Why do we knock on wood for luck?,Because trees are secretly magic.
Who was the first person to drink milk?,"Someone really, really curious about cows."
Why does glue not stick to the inside of the bottle?,Because it’s waiting for the perfect moment to ruin your life.
What is déjà vu?,A glitch in the universe’s memory.
Why do we park in a driveway and drive on a parkway?,English just likes messing with us.
Why do clocks move clockwise?,"Because if they moved the other way, we’d all be younger."
Why does gravity exist?,"Because if it didn’t, everything would just be a mess."
What happens if you touch a black hole?,You get an exclusive VIP ticket to nowhere.
Why is fire hot?,Because it’s got a spicy personality.
What is the fourth dimension?,That weird space between your couch cushions where lost socks go.
Why can’t we breathe in space?,Because space is rude and doesn’t provide free oxygen.
How do magnets work?,Tiny invisible wizards pulling metal towards each other.
Why don’t airplanes flap their wings?,Because they took engineering classes.
What is antimatter?,Matter’s evil twin that only shows up in sci-fi movies.
Why can’t we see air?,Because air is a professional at hide-and-seek.
What is absolute zero?,The temperature where even molecules give up and stop moving.
What is infinity?,A number that never RSVPs but is always there.
Why is zero important?,"Because without it, math would have a nervous breakdown."
What is the Fibonacci sequence?,A pattern that nature loves more than we understand.
Why do numbers exist?,Because cavemen needed a way to count their snacks.
What’s the largest prime number?,The one mathematicians are still arguing about.
What is pi?,A never-ending dessert that disappointingly isn’t cake.
Why do we measure time in 60s?,Because ancient mathematicians were overly dramatic.
Can you divide by zero?,"No, but you can try and watch your calculator cry."
What is an imaginary number?,"A number that exists but also doesn’t, like Schrödinger’s math."
Why do mathematicians love proofs?,Because showing off is part of the job.
Why was the Great Wall of China built?,"To keep out invaders, but mostly to confuse Google Maps."
What was the first human invention?,"Probably something ridiculous, like a stick with extra stick-ness."
Who discovered fire?,Someone who was playing with rocks and had an “uh-oh” moment.
Why did cavemen draw on walls?,Because social media wasn’t invented yet.
How did ancient Egyptians build pyramids?,"A mix of science, patience, and sheer stubbornness."
Who was the first person to eat an egg?,"Someone brave enough to look at a chicken’s work and think, “Yeah, I’ll try that.”"
Why did knights wear armor?,"Because fashion in the Middle Ages was really, really heavy."
Who invented money?,Someone who got tired of bartering chickens.
What was the first joke in history?,"Probably a caveman pointing at a rock and saying, “That looks like Greg.”"
How did Rome fall?,"Bad politics, bad economy, and probably too many gladiator games."
Why do we blush?,Because embarrassment leaks out of our skin.
Why do we dream?,Because our brains need to tell weird stories while we sleep.
Why do people get bored?,Because staring at walls is only fun for so long.
Why do humans like spicy food?,Because pain and pleasure are confusingly close.
Why do we sneeze?,Because dust and pollen are out to get us.
Why do we laugh?,"Because life is absurd, and our bodies know it."
Why do we cry when cutting onions?,Because onions have gossip and want us to feel things.
Why do people talk in their sleep?,Because their dreams have dialogue.
Why do we get brain freeze?,A punishment for eating ice cream too fast.
Why do humans love music?,Because sound waves can tickle emotions.
Will robots take over the world?,Only if we keep teaching them all our secrets.
Why do computers crash?,"Because they, too, get overwhelmed by life."
Why do phone batteries die so fast?,Because they have commitment issues.
Will time travel ever be possible?,"Maybe, but if it was, wouldn’t we already know?"
Why do people fear AI?,Because Hollywood made it look way too dramatic.
Can humans live on Mars?,"If they enjoy sand, cold nights, and zero room service."
Why do printers always break when you need them?,Because they enjoy your suffering.
Will flying cars ever exist?,"Yes, but traffic will still be awful."
Why do smart assistants never understand me?,Because they were programmed by someone who also doesn’t listen.
What happens if robots become smarter than humans?,They’ll probably just start a podcast.
Why is a boxing ring square?,Because logic is optional in sports.
Why don’t fish drown?,Because nature gave them VIP gills.
Why is yawning contagious?,A secret brain conspiracy we may never understand.
Why does cheese smell bad but taste good?,It’s playing hard to get.
Why do giraffes have long necks?,Because short-necked giraffes had bad luck.
Why do people say “it’s raining cats and dogs”?,Because “wet chaos” didn’t sound poetic.
Why do we clink glasses when we toast?,To make our drinks high-five.
Why do we wear ties?,"No one knows, but we all pretend it makes sense."
Why are speed bumps always in the most annoying places?,Because road planners enjoy our suffering.
Why do we say “bless you” after sneezing?,Because ancient people thought your soul was escaping.
Why do stars twinkle?,Because they’re giggling at how little we know about the universe.
What happens if you microwave metal?,A light show you really don’t want to pay for.
Why don’t penguins fly?,Because they made a life choice to waddle instead.
What is dark matter?,"The universe’s way of saying, “Mind your own business.”"
Why can’t humans regrow limbs?,Because evolution decided we weren’t cool enough.
Why does helium make your voice high-pitched?,Because it temporarily turns you into a cartoon character.
What would happen if Earth stopped spinning?,You’d fly off faster than a bad rollercoaster.
How do plants know which way to grow?,They read the sunlight like a self-help book.
Why do we have belly buttons?,A permanent reminder that we used to be really bad at feeding ourselves.
What’s inside a black hole?,Probably a lost sock and some missing car keys.
Why did people wear powdered wigs?,Because their real hair was having a midlife crisis.
Who invented the wheel?,Someone who was tired of dragging things around like a caveman.
Why did pirates wear eye patches?,To look mysterious and also because swords are pointy.
Who built the first bridge?,Someone who hated swimming.
Why were medieval castles so cold?,Because nobody thought of insulation yet.
What caused the Great Fire of London?,A baker who took “let it cook” a little too seriously.
Who was the first person to jump off a cliff for fun?,Probably someone who misunderstood the word “parachute.”
Why did ancient Romans have so many gods?,Because they liked variety in their divine drama.
How did the first person discover salt?,"Probably by licking a rock and thinking, “Hey, not bad.”"
Why did people believe in mermaids?,Because sailors were lonely and their glasses weren’t strong enough.
Why do we say “heads up” when we mean “duck”?,Because language enjoys messing with us.
Why do we press harder on the remote when the battery is dying?,"Because deep down, we believe in magic."
Why do we drive on parkways and park in driveways?,Because the English language is a scam.
Why do dogs spin before they lie down?,They’re buffering.
Why does food taste better when someone else makes it?,Because laziness adds flavor.
Why do we call it a pair of pants when it’s just one thing?,Because “leg tubes” didn’t catch on.
Why do we close one eye when aiming?,Because our other eye is unreliable under pressure.
Why does toast always land butter-side down?,Because the universe loves slapstick comedy.
Why do people make a wish on birthday candles?,Because fire is magical and we all secretly believe in luck.
Why do we stretch when we wake up?,Because our body is confused about being alive again.
Why do fish never blink?,They’re too busy judging us.
Why do clowns exist?,"Because someone thought, “Let’s make happiness terrifying.”"
Why do we say “sleep like a baby” when babies wake up every two hours?,Because humans love lying to themselves.
Why do people like conspiracy theories?,Because reality just isn’t dramatic enough.
Why do we say “the early bird gets the worm”?,Because the early worm gets eaten.
Why do we need oxygen to live?,Because humans are picky eaters when it comes to air.
Why do we sneeze multiple times in a row?,Because our nose is extra and loves attention.
Why do people say “breakfast is the most important meal of the day”?,Because cereal companies did some really good marketing.
Why do ghosts always wear old-timey clothes?,"Because apparently, fashion doesn’t update in the afterlife."
Why do people say “go big or go home”?,Because staying home is actually the better option.
Why do computers freeze?,"Because deep down, they wish they were refrigerators but were given the wrong career path. "